id,firstname,lastname,birthday,gender,club_id
1,Matt,Brittian,2004-04-20,Male,22
2,Jack,Ledes,2006-12-12,Male,37
3,Adelind,McMorland,2000-01-13,Female,18
4,Abie,Orange,2007-03-29,Male,28
5,Iggie,Domone,2007-04-20,Male,11
6,Bernadette,MacLaverty,2005-06-19,Female,76
7,Xavier,Matthiesen,2001-05-13,Male,57
8,Torey,Racher,2002-05-03,Male,22
9,Lionello,Roman,1999-09-16,Male,24
10,Leonora,Audibert,1999-06-11,Female,57
11,Fianna,Alywen,2004-08-08,Female,23
12,Anatol,Shaw,2000-03-12,Male,97
13,Munroe,Guwer,1999-01-30,Male,59
14,Shari,Mackro,2007-03-17,Female,37
15,Marje,McAlindon,2007-01-22,Female,28
16,Elle,Deware,2003-02-26,Female,79
17,Jaquenette,Maggs,2008-12-01,Female,85
18,Sadella,Hazelhurst,2007-01-22,Female,30
19,Becka,Barlass,2004-11-27,Female,58
20,Stesha,Fellgett,2007-07-05,Female,13
21,Burlie,Morewood,1998-01-12,Male,28
22,Rickie,Lourens,2003-10-31,Female,3
23,Deana,Tomczak,1998-08-04,Female,3
24,Austen,Lindgren,2004-03-05,Male,70
25,Libbi,Angric,2008-08-16,Female,9
26,Farah,Le Fevre,1998-10-14,Female,97
27,Latashia,Beynon,2002-10-07,Female,4
28,Jaquith,Mioni,2001-06-01,Female,40
29,Eddy,Tankin,1999-03-22,Male,50
30,Merill,Shitliff,2005-03-18,Male,62
31,Melitta,Steer,2006-03-10,Female,85
32,Isahella,Emmins,1998-02-23,Female,31
33,Broddy,Sivills,2002-12-23,Male,26
34,Beltran,Exton,2001-04-17,Male,66
35,Annice,Vowdon,2004-06-20,Female,31
36,Loree,Bosche,2004-08-11,Female,55
37,Judd,Edinburough,2000-09-20,Male,4
38,Ulberto,Very,2004-07-14,Male,34
39,Toby,Franc,2005-01-24,Male,37
40,Luke,Fetherston,2004-06-22,Male,12
41,Malinda,Faldoe,1997-10-21,Female,94
42,Dolores,Tomankiewicz,2005-11-08,Female,68
43,Renard,Street,2000-12-17,Male,85
44,Lois,Syres,2005-02-17,Female,57
45,Rick,Brooking,1997-02-15,Male,79
46,Ahmad,Kopfen,2000-03-17,Male,18
47,Eilis,Dall,1998-06-12,Female,88
48,Munmro,Parcall,2008-07-04,Male,27
49,Conny,Espinosa,2005-10-10,Male,26
50,Wheeler,Jorgensen,2000-01-26,Male,48
51,Bevon,Chewter,2003-04-14,Male,99
52,Gael,Cabrales,2005-04-06,Male,52
53,Alistair,Bodley,2008-09-10,Male,21
54,Jude,Defew,2005-07-16,Male,97
55,Carolynn,Purshouse,2001-02-25,Female,33
56,Benedict,Sly,2000-02-23,Male,85
57,Rog,Barrat,2003-03-25,Male,29
58,Franciskus,Yukhnev,2008-11-23,Male,15
59,Hildagarde,Mulqueeny,2000-10-06,Female,98
60,Amalea,Wonter,2003-06-15,Female,47
61,Say,Bahl,2008-12-20,Male,37
62,Fan,Stevani,2000-11-23,Female,14
63,Cecelia,Ivatt,1998-06-09,Female,17
64,Allene,Pilbeam,1999-01-14,Female,81
65,Starlin,Warr,2003-01-16,Female,1
66,Carlin,Einchcombe,2006-05-26,Male,62
67,Clo,Fereday,2004-01-13,Female,2
68,Lanie,Goldstraw,2008-04-27,Male,18
69,Ulrich,Frye,1998-01-22,Male,48
70,Anallise,Pudner,2000-01-09,Female,47
71,Seymour,Ousley,2000-08-19,Male,2
72,Abelard,Hawson,2002-02-10,Male,31
73,Ashlin,Sedcole,2002-08-20,Male,93
74,Ronda,Izhaky,2006-07-16,Female,43
75,Lavinia,Sitwell,2004-06-21,Female,76
76,Rozalin,Worman,2007-11-12,Female,25
77,Marcela,Beebe,2006-06-15,Female,38
78,Evaleen,Sweet,2008-03-02,Female,80
79,Nevsa,Mault,2000-10-19,Female,65
80,Darn,Heather,2006-03-16,Male,11
81,Chev,Ledrane,2003-11-22,Male,84
82,Isobel,Lightbowne,1997-02-07,Female,68
83,Culver,Hans,2005-11-09,Male,95
84,Charisse,Gartland,2008-05-16,Female,96
85,Broderick,Willetts,2002-01-26,Male,8
86,Tani,Claibourn,2000-07-28,Female,86
87,Tarra,O'Clery,2002-07-14,Female,70
88,Tallulah,Brunelleschi,1998-10-30,Female,34
89,Candi,Pady,1998-01-27,Female,78
90,Purcell,Aust,2002-06-23,Male,78
91,Georg,Godridge,2000-12-02,Male,82
92,Gordie,Radbond,2002-04-27,Male,52
93,Tammy,Pascow,1997-01-28,Male,5
94,Madelyn,Yeomans,2006-10-22,Female,17
95,Pattie,Dyson,2005-06-17,Male,4
96,Stephan,Whistlecraft,2006-10-09,Male,32
97,Buckie,Larimer,2000-03-10,Male,84
98,Dorelia,Gerbl,2004-01-09,Female,71
99,Duke,Wavish,2000-04-03,Male,46
100,Ximenez,Acosta,1998-06-01,Male,5
101,Matilda,MacCard,2002-07-28,Female,43
102,Opal,Dowall,2007-01-21,Female,37
103,Allyson,Livzey,2000-01-31,Female,57
104,Kirk,Hubane,2000-01-24,Male,73
105,Zebedee,Durward,1997-05-16,Male,64
106,Darda,Di Biasio,2007-06-23,Female,70
107,Corilla,Blasiak,2008-12-12,Female,73
108,Lynda,Garvin,2008-11-08,Female,4
109,Papageno,Kydde,2000-10-02,Male,48
110,Willa,Ayers,2000-03-08,Female,37
111,Lucienne,Mainwaring,2001-03-03,Female,88
112,Ardyce,Yegoshin,2005-07-06,Female,8
113,Wainwright,Foister,2001-05-26,Male,97
114,Chicky,Pavlenkov,1999-07-17,Female,44
115,Hermann,Coweuppe,2002-06-14,Male,63
116,Orlando,Enns,2004-08-29,Male,11
117,Tuckie,Ballingal,2003-05-30,Male,100
118,Reinhard,Wenger,1997-04-19,Male,81
119,Ambrosi,Soitoux,2000-06-05,Male,83
120,Davy,Tumilson,2007-05-15,Male,16
121,Gasper,Hurche,2000-08-27,Male,99
122,Farrah,Blasdale,2001-09-18,Female,17
123,Chiarra,Nutbrown,1998-02-14,Female,79
124,Katerine,Armes,1997-09-02,Female,8
125,Colly,Perton,2007-06-14,Female,54
126,Trisha,Filasov,2004-11-12,Female,60
127,Noreen,Enric,2001-09-25,Female,86
128,Andris,McGahey,2008-07-11,Male,66
129,Penni,Berwick,1999-11-05,Female,27
130,Sammy,Bucham,2003-06-28,Male,2
131,Sisile,Gandey,2006-01-20,Female,28
132,Inigo,Percy,2001-07-25,Male,28
133,Frederigo,Nials,2003-04-09,Male,92
134,Xavier,Cardero,1999-03-19,Male,87
135,Frayda,Bringloe,1997-08-19,Female,47
136,Art,Omand,2003-08-29,Male,38
137,Davide,Mincher,2005-01-09,Male,58
138,Ardella,Ales,2008-03-19,Female,57
139,Candi,MacGaffey,2003-10-20,Female,7
140,Pryce,O'Murtagh,2004-06-26,Male,98
141,Niel,Dilger,2003-09-24,Male,65
142,Elyssa,Killeen,2001-05-12,Female,93
143,Briney,Chelam,1999-10-22,Female,89
144,Vasili,Kincla,1999-11-14,Male,4
145,Emili,Hunston,2000-08-18,Female,26
146,Angelle,Gladwish,2005-02-09,Female,48
147,Leanor,McTrustrie,1997-05-31,Female,82
148,Xever,Ruselin,2007-11-11,Male,89
149,Willie,Klimpt,1998-06-07,Female,81
150,Tiphanie,Tander,2007-02-21,Female,12
151,Brook,Mille,1997-07-13,Female,75
152,Mallissa,McPartling,2000-10-01,Female,31
153,Benoite,Gowdridge,2008-11-11,Female,87
154,Lenard,Blabie,2002-08-06,Male,56
155,Serene,Rozier,1998-05-04,Female,76
156,Gabby,Sanz,1999-03-03,Male,15
157,Pyotr,Boakes,2000-04-19,Male,43
158,Bethany,Murra,2001-07-28,Female,23
159,Caterina,Briat,1999-07-03,Female,81
160,Cathrine,Nicolson,2007-01-10,Female,73
161,Queenie,Farlowe,2008-03-13,Female,13
162,Thorny,Cowdry,2003-01-29,Male,72
163,Gradeigh,Greenhill,2005-02-03,Male,88
164,Farleigh,Heake,2006-02-25,Male,96
165,Alfredo,MacConnell,2004-12-08,Male,8
166,Jarrad,Twelftree,1999-07-24,Male,35
167,Clerc,Khan,2007-02-28,Male,86
168,Rodolphe,Hardie,2005-09-29,Male,85
169,Mayer,Chandlar,2004-11-05,Male,43
170,Amory,Conibear,2004-10-04,Male,4
171,Bree,Harley,2005-03-12,Female,52
172,Ariel,Dillon,2007-04-09,Male,24
173,Valenka,Quarry,2003-05-15,Female,7
174,Eran,Moral,2001-10-02,Female,2
175,Rab,Widdocks,1998-05-21,Male,72
176,Kamila,Carstairs,2006-12-12,Female,61
177,Anson,Durden,2001-07-31,Male,98
178,Tomkin,Giannotti,2001-06-28,Male,42
179,Toiboid,Guild,2003-08-04,Male,12
180,Yorgos,Yuranovev,2007-10-15,Male,88
181,Jessee,Plait,2002-09-07,Male,24
182,Amabel,Castrillo,1997-02-26,Female,62
183,Gilbertina,Willmore,2003-09-21,Female,90
184,Melisa,Lewer,2002-01-11,Female,54
185,Ralina,Bleacher,2001-02-16,Female,55
186,Dolorita,Wilcock,2000-11-29,Female,60
187,Jenn,Schach,1999-01-18,Female,26
188,Denni,Swane,1999-12-05,Female,84
189,Holt,Zorener,2002-08-14,Male,15
190,Drew,Blunsom,2003-03-28,Male,10
191,Andris,Epine,2004-01-03,Male,28
192,Justina,Vasilchikov,2005-10-24,Female,36
193,Vivien,Kyd,2004-03-14,Female,25
194,Anallise,Ingarfill,1999-02-05,Female,78
195,Garner,Gwilliams,2008-05-25,Male,16
196,Adorne,Simak,1999-05-16,Female,68
197,Wynn,Poppleston,1998-08-30,Female,29
198,Celie,Hayhoe,2007-06-20,Female,75
199,Jeremie,Scohier,2002-04-28,Male,3
200,Cherey,Job,2004-10-09,Female,62
201,Arne,Schneidar,2001-12-26,Male,17
202,Roldan,Petriello,2002-11-25,Male,93
203,Mitchel,Gaudin,1997-12-27,Male,48
204,Anjela,De Filippo,2007-11-23,Female,15
205,Brit,Gradley,2006-11-25,Female,87
206,Benedicto,Alexander,1998-10-31,Male,92
207,Guilbert,Trinkwon,1997-03-06,Male,70
208,Joseito,Upham,1998-10-04,Male,14
209,Pat,Gravell,2003-09-10,Male,19
210,Elfie,Kacheler,1998-01-05,Female,87
211,Lesley,Bampkin,2005-07-08,Female,90
212,Lucila,Drewery,1997-07-05,Female,84
213,Myra,Cawsey,1997-06-14,Female,96
214,Lilia,Cucuzza,2005-09-13,Female,87
215,Dena,Benoi,2007-04-26,Female,93
216,Sergent,Maddocks,1998-04-03,Male,68
217,Vicki,Temby,2005-08-05,Female,82
218,Haslett,Winchcomb,2005-10-06,Male,67
219,Egor,Newnham,2005-07-14,Male,62
220,Marietta,McReynolds,2008-03-11,Male,2
221,Ceciley,Flori,2005-08-13,Female,25
222,Maible,Garley,2001-12-17,Female,9
223,Elwyn,Wakefield,2007-08-20,Male,91
224,Max,Ramelet,2000-03-08,Female,48
225,Lonnard,Novak,2005-07-13,Male,65
226,Vic,Carluccio,2004-07-26,Male,7
227,Mason,Frier,2002-03-02,Male,1
228,Marcellina,Greest,2001-06-08,Female,48
229,Minor,Clarson,1997-05-20,Male,27
230,Stanislaus,Southworth,2008-10-27,Male,100
231,Donny,Hoffner,2002-05-02,Male,44
232,King,Fidgeon,2002-05-05,Male,89
233,Gilda,Crellin,2004-05-31,Female,69
234,Breena,O'Lynn,2003-03-03,Female,68
235,Margery,Priddis,2008-11-10,Female,39
236,Pablo,Lippiatt,2002-07-01,Male,92
237,Arlena,Saddler,2008-03-25,Female,81
238,Kliment,Judge,2007-06-30,Male,21
239,Pancho,Husset,2007-05-28,Male,65
240,Tanya,Stanislaw,2003-05-24,Female,27
241,Nevil,Pellamont,2002-10-18,Male,31
242,Miquela,Kinsella,1997-07-31,Female,75
243,Norina,Devas,2007-05-11,Female,95
244,Flin,Nutbean,2002-08-07,Male,5
245,Hanan,Seabrook,2003-10-07,Male,90
246,Port,Jeffes,2008-03-01,Male,75
247,Moshe,Brownhill,1998-04-28,Male,28
248,Pebrook,Lyptrade,1999-02-07,Male,53
249,Tatum,Linskill,2000-05-14,Female,69
250,Rad,Liversley,1997-08-15,Male,42
251,Ailsun,Widdop,1997-09-17,Female,24
252,Merrill,Abrahm,2006-10-20,Male,54
253,Farrell,Borwick,2003-05-24,Male,33
254,Edythe,Guillond,1998-08-01,Female,59
255,Gerek,Espinos,2008-02-25,Male,8
256,Troy,Rickarsey,1999-03-30,Male,52
257,Zolly,Abernethy,1999-06-18,Male,24
258,Guinevere,Schultze,1999-12-12,Female,90
259,Ximenes,Kuschel,1998-07-11,Male,52
260,Maurita,Bapty,2004-03-13,Female,38
261,Ricard,Craxford,2001-06-20,Male,81
262,Adan,Measor,2002-04-08,Male,94
263,Aurlie,Kilsby,2006-09-02,Female,83
264,Lance,Goldine,2004-07-04,Male,61
265,Isaak,L'argent,1997-03-18,Male,82
266,Davide,Reeken,2006-04-29,Male,1
267,Nicola,Paliser,2006-01-26,Male,81
268,Martha,Waggitt,2008-12-08,Female,83
269,Tyson,Waddy,2003-09-02,Male,66
270,Cristobal,Kindall,1997-08-11,Male,99
271,Stanleigh,Ludy,2000-10-06,Male,9
272,Graeme,Figgures,2006-04-16,Male,30
273,Angelico,Deex,2007-04-04,Male,86
274,Randal,Pelcheur,1998-05-31,Male,45
275,Rebecka,Spehr,2003-03-31,Female,34
276,Modestine,Lenglet,2005-02-12,Female,100
277,Hilary,Pirolini,2001-09-30,Male,54
278,Dody,Diggin,2000-08-27,Female,55
279,See,Riding,2007-06-06,Male,99
280,Fredi,Wrightson,2008-03-15,Female,36
281,Kipp,Totterdill,1998-04-10,Male,61
282,Guillaume,Tower,2002-07-23,Male,43
283,Jeanie,Weekes,1997-04-13,Female,76
284,Mia,Phinnessy,2004-10-16,Female,31
285,Jane,Ellerker,2005-01-25,Female,8
286,Damiano,Mounce,2006-10-06,Male,24
287,Hatty,Rylance,2007-09-21,Female,43
288,Margarete,Moubray,2004-04-02,Female,70
289,Larine,Davidovich,1998-02-12,Female,21
290,Florie,Risbridge,2002-04-06,Female,62
291,Carlin,Babber,2003-05-17,Male,27
292,Mary,Bircher,2004-12-20,Female,14
293,Elsie,Onn,1998-02-23,Female,23
294,Kala,Dargie,1998-09-23,Female,47
295,Marsh,Staker,2003-06-02,Male,48
296,Sly,Doy,2001-06-30,Male,44
297,Ragnar,Snadden,1998-03-30,Male,53
298,Georgy,Lamberti,2008-12-03,Male,79
299,Carolee,Cauley,2002-04-27,Female,98
300,Julieta,Mattheis,2007-07-26,Female,99
301,Elton,Batrip,2005-03-20,Male,29
302,Tom,Luxford,2002-02-16,Male,74
303,Shaina,Stanners,2000-09-03,Female,81
304,Erroll,Kemish,1998-04-29,Male,20
305,Marvin,Davitt,2000-09-18,Male,32
306,Mariquilla,Ghilks,2005-06-28,Female,54
307,Inez,Burgis,2004-11-17,Female,33
308,Eleanor,Ormistone,2007-09-03,Female,11
309,Corabella,Critchley,1997-04-26,Female,87
310,Lydie,Oglesbee,2003-12-04,Female,39
311,Parry,Delete,2007-12-21,Male,98
312,Creighton,Alker,2004-01-22,Male,34
313,Odelle,Lorenz,2003-09-01,Female,34
314,Koralle,Taunton.,2007-12-09,Female,42
315,Chrystel,Wray,1998-04-04,Female,37
316,Nicoline,Croose,2003-06-24,Female,16
317,Sabina,O'Fallon,2006-07-12,Female,95
318,Devonne,Rahl,2001-11-12,Female,39
319,Barbette,Guihen,2004-05-08,Female,73
320,Garret,Shayler,2001-08-11,Male,41
321,Thorn,Murphey,2002-02-25,Male,27
322,Ariel,Sanders,2004-06-26,Female,44
323,Claus,Benoy,2003-03-08,Male,99
324,Rita,Riguard,2005-06-28,Female,38
325,Briney,Gumly,2002-07-17,Female,2
326,Lacey,Leeuwerink,2001-04-15,Female,52
327,Yvon,Corteis,1998-09-21,Male,41
328,Carling,Lindelof,2001-03-12,Male,17
329,Reidar,Laydel,2003-03-26,Male,8
330,Frankie,L' Estrange,2006-07-10,Male,99
331,Dalton,Pigden,2003-11-19,Male,72
332,Meghann,Brownsell,2001-05-23,Female,94
333,Gerda,Mortell,2004-07-19,Female,52
334,Keir,Riehm,2000-02-28,Male,98
335,Ari,Corney,2003-10-14,Male,6
336,Germayne,Ratter,2000-08-29,Male,70
337,Gussi,Dog,2005-11-19,Female,12
338,Waite,Radenhurst,2000-08-18,Male,79
339,Ara,Errigo,2006-10-22,Female,71
340,Flemming,Trevenu,2008-10-04,Male,20
341,Shanda,Bushill,2006-05-19,Female,42
342,Leroy,Vasyukov,1999-08-06,Male,7
343,Victoir,Blakeman,1998-05-04,Male,73
344,Kym,Gynni,2003-04-26,Female,19
345,Celinda,Renzini,2007-05-21,Female,7
346,Kellen,Grisenthwaite,2003-09-17,Male,70
347,Tallia,Trewhela,2003-12-30,Female,16
348,Jamal,Stanlick,1999-04-10,Male,54
349,Anselma,Revens,2006-04-12,Female,53
350,Wally,Yurkiewicz,1997-06-15,Female,81
351,Lukas,Ambrosoli,2000-11-03,Male,39
352,Putnem,Studdeard,1997-07-28,Male,95
353,Anatole,Cronk,2006-05-18,Male,69
354,Fielding,Baptista,1998-03-12,Male,80
355,Nita,Beevens,2000-12-24,Female,32
356,Mickey,Rowlin,2007-12-27,Male,94
357,Carolynn,Catteroll,1997-12-20,Female,92
358,Opalina,Abbott,2007-03-13,Female,16
359,Rakel,Jacson,2004-10-26,Female,48
360,Fayre,Isbell,2008-04-30,Female,68
361,Norby,Drury,2005-07-02,Male,72
362,Kaila,Ruzic,2001-11-21,Female,90
363,Scarlet,Mulcahy,2005-04-18,Female,3
364,Petey,Nashe,2004-10-31,Male,9
365,Sonnie,Tubbles,1998-04-22,Female,69
366,Allayne,Willas,1997-02-06,Male,30
367,Rosabella,Purchon,1999-08-05,Female,38
368,Nancey,Latour,1997-09-27,Female,38
369,Merrilee,Denisovo,2008-01-26,Female,87
370,Aura,MacMaster,2000-04-05,Female,31
371,Brnaby,Filochov,1997-06-19,Male,31
372,Seka,Drysdall,2003-11-10,Female,72
373,Dag,Cromett,2008-07-28,Male,66
374,Sheeree,Labbez,2003-03-21,Female,10
375,Nicolais,Bedwell,2006-09-03,Male,82
376,Delmer,Rushsorth,2006-09-02,Male,74
377,Chrisy,Kagan,1999-05-15,Male,87
378,Nicky,Goddman,2007-02-04,Female,13
379,Suzette,Selburn,2005-09-03,Female,38
380,Ardelle,McKeurton,1997-03-22,Female,40
381,Ax,Lanyon,1997-06-23,Male,44
382,Gillie,Patching,1997-01-24,Female,34
383,Truman,McNickle,2002-03-16,Male,73
384,Aeriel,Hurn,1999-06-10,Female,35
385,Jodi,Guerrero,2008-01-15,Male,53
386,Wiley,Moakler,2000-04-21,Male,38
387,Shurwood,Cathery,2007-01-16,Male,57
388,Karyl,Corey,2004-06-02,Female,90
389,Dannel,Rushe,2003-06-16,Male,43
390,Hallie,Bril,2000-10-18,Female,91
391,Antin,Halladay,1999-12-27,Male,27
392,Eleen,Carvill,2003-11-05,Female,82
393,Lynnett,Aimeric,2003-08-17,Female,1
394,Lucius,Macauley,2007-01-20,Male,21
395,Joana,Linebarger,2004-01-06,Female,44
396,Barnabas,Aspden,2000-03-25,Male,73
397,Isabelita,Jonk,2005-05-26,Female,53
398,Felicio,Casali,2003-10-24,Male,64
399,Skipper,Gooke,2000-12-06,Male,60
400,Konstantine,Moncarr,2000-06-26,Male,93
401,Odille,Reiling,2000-05-03,Female,89
402,Reena,Maddyson,1997-05-16,Female,19
403,Locke,Fleote,2008-08-16,Male,78
404,Fergus,Placstone,2003-08-26,Male,31
405,Marjy,Wilce,2006-10-24,Female,60
406,Lanita,Dawks,1999-08-09,Female,72
407,Chicky,Macias,2000-03-10,Male,12
408,Thaxter,Pickthorne,2005-07-05,Male,68
409,Loralyn,Watkinson,2004-12-22,Female,93
410,Fulvia,Rashleigh,2006-09-05,Female,7
411,Arabela,Santora,2000-12-17,Female,93
412,Opalina,Montacute,2002-10-20,Female,8
413,Sky,Mullarkey,2003-09-14,Male,51
414,Sebastian,Bucksey,2008-02-20,Male,33
415,Ralina,Davidescu,2001-07-01,Female,65
416,Sollie,Stuckes,2000-09-23,Male,10
417,Montague,Sebright,2001-09-30,Male,48
418,Deane,Tuckerman,1998-02-16,Male,20
419,Kathi,Ivancevic,2008-12-24,Female,84
420,Lora,Dudney,1998-06-16,Female,3
421,Dory,Croutear,2000-09-21,Male,14
422,Maryellen,Slot,2002-06-19,Female,99
423,Lisbeth,Keary,2004-04-02,Female,82
424,Kimberley,Gino,2003-05-18,Female,51
425,Lesya,Tranckle,1998-07-30,Female,47
426,Tatiana,Rhymes,2000-08-02,Female,25
427,Reginauld,Keming,1997-01-03,Male,77
428,Mead,Weymont,2002-04-28,Male,44
429,Zeke,Bow,2001-05-15,Male,94
430,Koenraad,Sheron,1997-10-14,Male,58
431,Roanna,Mixworthy,2008-03-20,Female,89
432,Teresita,Footitt,2005-06-26,Female,86
433,Fancie,Brittoner,1999-02-07,Female,61
434,Lauren,Dykas,2008-04-04,Female,82
435,Alden,Silvers,1997-11-20,Male,7
436,Wainwright,Askem,1997-10-30,Male,23
437,Camellia,Carbonell,1999-12-01,Female,49
438,Anabel,Climar,2003-12-11,Female,61
439,Gauthier,Inchcomb,2000-06-25,Male,50
440,Anthea,Waadenburg,2002-01-07,Female,91
441,Sybyl,Greene,2004-08-24,Female,87
442,Ethelbert,Maxwale,2003-05-11,Male,8
443,Torr,MacGiffin,2003-05-31,Male,8
444,Corie,Franciskiewicz,2006-12-15,Female,17
445,Portia,Lacy,2006-06-28,Female,69
446,Archie,Moynihan,2002-12-24,Male,38
447,Nickolai,Paintain,1998-07-04,Male,32
448,Pieter,Gallico,2006-05-02,Male,29
449,Jasmina,Trustey,2007-01-24,Female,59
450,Jocelin,Medcraft,2008-06-29,Female,36
451,Karilynn,Garfield,2008-02-11,Female,51
452,Kincaid,Thunderman,1998-05-04,Male,14
453,Maible,Fontaine,2003-04-15,Female,81
454,Colet,Deniso,1997-07-22,Male,76
455,Laurel,Rosengren,2001-10-22,Female,2
456,Jeddy,Swettenham,2003-01-10,Male,48
457,Esme,Kohler,2006-09-21,Male,89
458,Rozina,Godfray,2006-07-12,Female,18
459,Berky,Bezants,1999-07-02,Male,53
460,Marley,Krates,2008-11-28,Female,99
461,Winny,Wheatley,2007-10-21,Female,50
462,Florella,Giottini,2002-04-04,Female,64
463,Desirae,Thorneywork,2002-04-25,Female,49
464,Penrod,Childes,2002-02-20,Male,63
465,Kassi,Leadbeatter,2008-04-17,Female,29
466,Ignace,Aleixo,2005-02-27,Male,50
467,Waneta,Davidou,2002-01-18,Female,70
468,Wernher,Greeveson,2008-09-06,Male,72
469,Paulie,Livezley,2002-03-15,Male,73
470,Griffie,Dagnan,2003-01-16,Male,24
471,Cherilyn,MacDwyer,1999-06-13,Female,79
472,Jania,Nicklinson,2007-09-04,Female,5
473,Laurie,Pickering,2005-11-17,Male,7
474,Desi,Galloway,2007-08-05,Male,27
475,Yvonne,Mynett,2006-06-22,Female,73
476,Gilberto,Di Ruggero,2001-12-16,Male,81
477,Ramsay,Drayson,2004-10-29,Male,11
478,Teodoor,Willacot,1999-09-23,Male,90
479,Jarrid,Matokhnin,2008-01-04,Male,98
480,Charmane,Orsay,2002-12-07,Female,53
481,Carmela,Veeler,2004-02-22,Female,72
482,Sigismund,Tassel,2005-10-09,Male,65
483,Dorie,Debold,1998-06-06,Female,91
484,Garrot,MacAllester,2007-09-23,Male,93
485,Bail,Garrigan,1999-07-26,Male,43
486,Wolfgang,Mosby,1997-09-06,Male,8
487,Jasmina,Berntssen,2002-07-15,Female,22
488,Jon,Veryan,2007-10-31,Male,16
489,Aeriel,Vidgen,1997-03-20,Female,23
490,Shir,Dugald,2004-05-17,Female,83
491,Donnie,Summerly,2003-09-18,Female,82
492,Nickie,Kinastan,1999-11-11,Male,72
493,Hannis,Gwynn,2001-04-02,Female,96
494,Colet,Anderer,2001-07-10,Male,21
495,Norry,Westmoreland,2008-05-24,Female,12
496,Auguste,Brookfield,2002-12-02,Female,84
497,Carine,Gouldthorpe,2005-06-18,Female,9
498,Linnet,Templman,2008-04-14,Female,86
499,Wallas,Phillip,2000-09-29,Male,84
500,Rosene,Letteresse,2003-04-30,Female,59
501,Dex,Eaden,2000-02-15,Male,38
502,Stafani,Sherrum,1997-06-08,Female,97
503,Branden,Fleming,1998-11-11,Male,10
504,Winthrop,Iskov,1998-11-17,Male,50
505,Lynn,Neumann,1997-05-05,Female,58
506,Ambrosius,Baudins,2006-08-05,Male,12
507,Ilsa,Kinnier,2000-06-03,Female,95
508,Giorgia,Newell,2007-05-19,Female,1
509,Colby,Beniesh,1998-09-27,Male,84
510,Earvin,McTear,2006-12-28,Male,40
511,Christel,Hallas,2003-06-20,Female,97
512,Jeanelle,Brickham,2001-10-17,Female,5
513,Christine,Chittey,2005-08-29,Female,94
514,Jolene,Fausch,2001-07-05,Female,28
515,Kalvin,Code,2002-01-15,Male,33
516,Kyle,Gammet,2005-11-24,Male,31
517,Stesha,Axford,1998-04-19,Female,60
518,Lorianna,Loade,2000-05-15,Female,67
519,Smith,Daybell,2006-09-11,Male,8
520,Emmaline,Hehnke,2003-12-22,Female,30
521,Cammy,Ridder,2005-07-31,Male,73
522,Griffin,Timlin,2005-08-09,Male,81
523,Mord,Le Gallo,2006-12-25,Male,22
524,Ronny,Tym,2001-06-05,Female,32
525,Dasha,McGlaughn,2001-05-19,Female,77
526,Ynes,Lemary,2006-03-12,Female,79
527,Germain,O'Hagan,2002-07-05,Female,61
528,Carolyne,Simon,2007-01-06,Female,49
529,Sharon,Bewshire,2003-12-01,Female,54
530,Shamus,MacCaffrey,2001-03-07,Male,1
531,Elaine,Donativo,1998-01-19,Female,77
532,Enrico,Labusch,2007-03-28,Male,62
533,Alfred,de Keyser,2003-11-21,Male,18
534,Caril,Auger,2000-03-23,Female,60
535,Sande,Fawley,1997-05-07,Female,95
536,Lee,Beckhouse,2001-09-04,Male,5
537,Jade,Raigatt,2007-11-07,Female,98
538,Harv,Doge,2003-06-02,Male,52
539,Ambrosius,Scutching,2000-12-30,Male,28
540,Dixie,Waitland,1998-01-23,Female,32
541,Meagan,Gallard,1999-12-02,Female,30
542,Derek,Grundell,2003-02-14,Male,99
543,Marco,Ruperto,1998-09-24,Male,47
544,Madelina,Passion,2004-07-15,Female,88
545,Decca,Smewings,1997-07-13,Male,90
546,Basilius,Meneyer,1997-10-08,Male,12
547,Constantia,Gamett,1999-02-28,Female,26
548,Cordey,McGourty,1998-08-31,Female,100
549,Hermina,Inger,1997-04-23,Female,52
550,Renee,Wornham,1999-01-17,Female,56
551,Hunt,Studd,1998-12-04,Male,46
552,Baldwin,Morrison,2003-05-10,Male,33
553,Dennie,Smallacombe,2008-11-14,Female,24
554,Louella,Reeves,2006-04-23,Female,2
555,Margi,Fairman,1999-12-12,Female,14
556,Dennie,Castanho,2002-01-30,Male,44
557,Emmalee,Bramham,2002-04-02,Female,81
558,Thomas,Ferens,1997-09-08,Male,53
559,Conn,Semiraz,2007-02-15,Male,98
560,Moore,Girardengo,2007-11-05,Male,8
561,Jackie,Faers,2006-07-11,Female,76
562,Richard,Bottomley,2001-10-13,Male,68
563,Nerti,Decent,2008-12-26,Female,95
564,Otes,Boat,1999-08-11,Male,25
565,Abbott,Chuter,2002-09-22,Male,52
566,Rip,Arrighi,2000-02-17,Male,57
567,Clifford,McSorley,1999-05-12,Male,38
568,Tallie,Cohalan,1998-01-05,Female,38
569,Abigail,Easterby,2000-03-25,Female,41
570,Bernadene,Bonus,2003-07-27,Female,8
571,Piotr,Gann,2007-01-14,Male,47
572,Andi,Povall,1999-08-18,Female,83
573,Ottilie,Ainge,2001-09-18,Female,78
574,Lissi,Quartermaine,2006-04-25,Female,41
575,Barbra,McCaighey,2002-05-05,Female,14
576,Annmarie,Pruce,2007-12-07,Female,87
577,Hannis,Davion,1999-05-09,Female,87
578,Albertine,Oke,2007-11-20,Female,47
579,Pavel,Reinhart,2008-01-07,Male,97
580,Svend,Pidgeon,2005-07-03,Male,84
581,Lilah,Blasiak,1999-08-02,Female,24
582,Trescha,Lorryman,2002-03-22,Female,11
583,Gale,Gadsdon,2003-12-31,Male,45
584,Harcourt,Blagdon,2002-04-13,Male,17
585,Jill,Stockney,2000-07-08,Female,21
586,Jenna,Tomkins,1997-04-27,Female,85
587,Briano,Strangwood,1998-06-02,Male,93
588,Christoph,Venneur,2003-08-04,Male,65
589,Gregorio,Bendixen,2007-11-05,Male,67
590,Annadiana,Sweetsur,1997-05-25,Female,55
591,Sanders,Kieran,2000-01-20,Male,50
592,Chan,Dubery,2006-12-24,Male,78
593,Granny,Josephi,2004-10-13,Male,2
594,Orella,Swanston,2006-05-30,Female,3
595,Lilia,Stack,1998-11-19,Female,2
596,Konstance,Daviot,2002-04-26,Female,59
597,Josiah,Iozefovich,2007-02-13,Male,31
598,Benedikta,Hoonahan,2006-09-06,Female,13
599,Freddie,Glasscock,2000-11-24,Female,75
600,Hilliary,Klimt,2005-02-08,Female,55
601,Mirabel,Bertome,2008-07-16,Female,100
602,Cecil,Relph,1999-05-06,Female,76
603,Wallis,Sarjeant,2007-02-16,Female,61
604,Laurie,Pratt,2005-12-28,Male,78
605,Dillon,Olivas,2006-07-16,Male,59
606,Rayshell,Sprott,2000-04-12,Female,37
607,Raffarty,Pervoe,2008-09-05,Male,99
608,Essa,Fritzer,2003-10-28,Female,77
609,Redford,Marti,2000-12-10,Male,24
610,Joanie,Viscovi,2001-09-19,Female,22
611,Vonny,Topper,1998-01-02,Female,88
612,Byron,Pughe,2001-07-11,Male,54
613,Clarisse,Blackleech,2001-11-03,Female,89
614,Nerta,Cresser,2008-10-26,Female,44
615,Lorilyn,Hann,2008-02-22,Female,57
616,Helge,Caustic,2006-03-24,Female,4
617,Lea,Leward,2007-03-12,Female,74
618,Audy,MacPhaden,2003-06-25,Female,75
619,Nonna,Stallard,2007-10-08,Female,20
620,Amanda,Illidge,2006-01-05,Female,28
621,Car,Simoni,1997-10-26,Male,62
622,Yardley,Plail,2004-12-14,Male,47
623,Serena,Kitchingman,2001-06-15,Female,19
624,Jacinta,Boodell,2000-03-19,Female,24
625,Moe,Gilhooley,2007-11-27,Male,46
626,Marwin,Saer,1998-03-21,Male,84
627,Ciro,Joris,2007-09-13,Male,57
628,Carlie,Kettleson,1998-12-28,Male,10
629,Toby,Ronchka,2007-12-30,Male,51
630,Burgess,Bartlam,2008-03-11,Male,44
631,Nelia,Hatchard,2001-10-01,Female,52
632,Glennie,Lilbourne,1997-11-09,Female,7
633,Corissa,Skeene,2001-03-29,Female,69
634,Debee,Karys,2000-07-10,Female,25
635,Donia,Klimek,1997-03-28,Female,27
636,Kora,Jovicevic,1999-06-20,Female,46
637,Rebecca,McDuffie,1999-07-17,Female,4
638,Shawn,Tomaselli,2007-08-29,Female,85
639,Aubrey,Sibson,2005-03-27,Male,83
640,Karil,Hynes,2005-02-22,Female,4
641,Felicity,Cline,1999-01-02,Female,90
642,Delora,Armit,2000-12-07,Female,95
643,Kiley,Striker,1999-01-15,Female,38
644,Brand,Hallex,2004-03-31,Male,62
645,Wolfgang,Speers,1998-01-11,Male,8
646,Derrik,Goldsberry,2005-02-20,Male,80
647,Kendal,Dormer,2001-12-20,Male,85
648,Flori,Hawkes,2005-03-22,Female,48
649,Ingaberg,McAlpine,1999-10-23,Female,49
650,Zacharias,Patise,2004-04-21,Male,94
651,Kin,Gainsborough,2007-11-06,Male,23
652,Kellie,Drew-Clifton,1997-07-30,Female,72
653,Linet,Porcher,2004-11-22,Female,97
654,Judi,Mawne,2003-07-03,Female,42
655,Johannah,Mulvenna,2005-05-23,Female,62
656,Annmaria,Bosward,2006-07-06,Female,10
657,Lolita,Pochon,1999-03-16,Female,65
658,Audre,Creavin,1998-04-14,Female,93
659,Isiahi,Roubeix,2007-01-31,Male,74
660,Audre,Joncic,1998-11-18,Female,20
661,Tad,Grimmolby,1998-06-19,Male,64
662,Mabelle,Hazleton,2008-03-19,Female,8
663,Tripp,Sheeran,2001-06-05,Male,14
664,Rachele,Gossipin,2001-11-15,Female,17
665,Rina,Wickham,1998-01-12,Female,33
666,Wyndham,Vost,1998-11-23,Male,47
667,Cynde,Slader,2007-12-09,Female,92
668,Nan,Klimshuk,2006-08-25,Female,25
669,Dicky,Drakeford,2002-12-05,Male,80
670,Niccolo,Free,2005-11-12,Male,96
671,Allin,Moline,2006-01-15,Male,18
672,Brandea,Panas,2000-12-13,Female,48
673,Pepe,Murdie,2000-12-25,Male,6
674,Avivah,Scouler,1999-06-18,Female,25
675,Meta,Huie,2007-12-18,Female,58
676,Darin,Guilayn,1998-02-16,Male,85
677,Katerina,Yusupov,2004-07-21,Female,69
678,Tripp,Kunzler,2007-04-03,Male,65
679,Gerick,Halloran,2001-05-12,Male,60
680,Augy,Gallant,2006-10-13,Male,17
681,Alasdair,Lebell,2007-12-23,Male,89
682,Romain,Rushford,1997-11-20,Male,31
683,Jenica,Kopmann,2005-10-30,Female,79
684,Clark,Smales,2007-11-28,Male,90
685,Myrilla,Sjollema,2007-04-02,Female,19
686,Francois,Dewbury,2006-03-18,Male,100
687,Arabella,Whordley,2002-06-09,Female,58
688,Rhianon,Crotch,2004-01-22,Female,47
689,Darbee,Pfeffel,2000-11-02,Male,61
690,Shara,Franzetti,2007-11-14,Female,91
691,Gussi,Balding,2000-01-27,Female,10
692,Dinny,Edgecombe,2006-01-20,Female,43
693,Corbin,Yerson,1998-12-27,Male,77
694,Charlena,Brahams,2006-05-12,Female,89
695,Waylen,Bolland,2008-10-06,Male,65
696,Adorne,Burgisi,2006-12-30,Female,6
697,Darla,Sparkes,2001-11-04,Female,70
698,Marion,O'Shea,2008-03-21,Female,12
699,Dulcy,Ashtonhurst,2002-12-11,Female,13
700,Roxanne,Mountcastle,2000-06-07,Female,13
701,Ulrika,Lancetter,2007-07-21,Female,51
702,Erl,Wakelin,2007-10-19,Male,28
703,Georgy,Folkerd,2005-04-02,Male,80
704,Seth,Burkhill,1999-04-21,Male,43
705,Dinny,Norvel,1998-03-19,Female,79
706,Greg,Pascoe,2008-03-09,Male,75
707,Selig,Yanele,1998-12-21,Male,33
708,Kare,Horley,2006-09-23,Female,34
709,Sarine,Stilgo,2003-02-28,Female,30
710,Lisa,Bladon,2002-11-24,Female,79
711,Kathy,Deguara,2007-08-05,Female,52
712,Jolynn,Blinerman,2001-09-24,Female,16
713,Thornie,Jerson,2008-04-11,Male,95
714,Nan,Mounfield,2002-12-13,Female,67
715,Hattie,Muncie,2000-01-05,Female,55
716,Lisetta,Satcher,2003-09-10,Female,41
717,Pietrek,Stigell,1997-10-14,Male,1
718,Rosette,Greenmon,1999-04-13,Female,85
719,Donny,Gherardi,2004-05-15,Female,62
720,Husein,Layfield,2004-06-08,Male,3
721,Ruthanne,Corbert,2006-04-02,Female,30
722,Corney,Maasz,2006-02-15,Male,60
723,Augustine,Karslake,1999-06-01,Male,60
724,Jenica,Huburn,2004-02-28,Female,44
725,Constantina,McMickan,1998-08-06,Female,12
726,Lilly,Snailham,1999-04-18,Female,85
727,Dasie,McFetrich,2000-01-22,Female,34
728,Charmine,Robley,2004-11-04,Female,61
729,Avie,Robinette,2008-06-25,Female,51
730,Elton,Cottam,1999-08-21,Male,85
731,L;urette,Mulran,2006-05-26,Female,39
732,Nobie,Yegorchenkov,2007-10-08,Male,33
733,Flinn,Lawerence,2001-09-29,Male,14
734,Renaldo,Millership,2001-06-24,Male,38
735,Woodrow,Jaquemar,2006-09-06,Male,35
736,Marlowe,Jizhaki,2004-08-02,Male,73
737,Ketti,Duligall,1997-11-27,Female,51
738,Allianora,Rampley,2005-10-30,Female,30
739,Thorpe,Newark,2004-01-06,Male,40
740,Ameline,Outhwaite,2000-07-07,Female,75
741,Wood,Hendren,2004-07-28,Male,57
742,Rebbecca,Blacklawe,2001-06-20,Female,71
743,Perice,Wellstead,2001-03-07,Male,53
744,Samara,Fluit,2005-08-03,Female,85
745,Randolph,Antao,2003-10-30,Male,8
746,Cirstoforo,Korneev,2001-10-21,Male,84
747,Clementia,Timcke,2000-07-03,Female,44
748,Jerald,Kumar,2007-09-13,Male,74
749,Tirrell,Stileman,2000-06-18,Male,18
750,Luisa,Surfleet,2006-08-15,Female,88
751,Cissiee,Mawman,1998-04-13,Female,85
752,Audi,Lockney,2003-12-11,Female,31
753,Abbie,Quarrington,2007-07-03,Female,72
754,Brit,Dunkersley,2008-06-02,Female,16
755,Alden,Akess,2004-01-01,Male,52
756,Balduin,Fairnington,2004-08-10,Male,1
757,Vick,Brockway,2005-10-03,Male,54
758,Orren,Lawrenceson,1997-07-03,Male,91
759,Shelby,Dykins,1998-03-30,Male,52
760,Olva,Emery,2002-11-28,Female,17
761,Nalani,Colliver,1997-11-25,Female,43
762,Daune,Osan,1997-11-22,Female,34
763,Fleming,Hissie,1999-03-02,Male,82
764,Ondrea,O'Howbane,1998-08-20,Female,65
765,Vilma,Catlette,2006-06-24,Female,49
766,Minnnie,Thorlby,2001-03-04,Female,26
767,Zacherie,McCready,2002-08-05,Male,64
768,Perrine,Sherrell,2000-07-08,Female,2
769,Trina,Ludovico,2008-12-16,Female,97
770,Abbe,Grimmer,2000-10-03,Male,64
771,Nicolai,Gersam,1997-08-07,Male,95
772,Brita,Bixley,2002-12-15,Female,39
773,Keane,Windmill,1998-02-25,Male,79
774,Jobye,Hellmore,1999-05-09,Female,46
775,Kordula,Staterfield,1997-07-24,Female,25
776,Parsifal,O' Brian,2005-09-23,Male,90
777,Aleda,Reston,2005-08-17,Female,60
778,Carlie,Kindley,2007-08-24,Male,71
779,Jeanelle,Gommey,2005-08-25,Female,34
780,Amy,Matz,2004-02-16,Female,99
781,Leena,Dukesbury,2008-08-01,Female,94
782,Farrel,Lowings,2008-10-19,Male,85
783,Darbie,Horstead,1997-01-15,Female,13
784,Tobi,De Coursey,2003-12-24,Female,55
785,Nert,Chomicz,2001-11-29,Female,7
786,Fayre,Lansberry,2003-10-24,Female,27
787,Betta,Sherrin,1999-07-24,Female,37
788,Mela,Merle,1999-01-29,Female,47
789,Nikoletta,Gravenell,2008-10-11,Female,69
790,Koenraad,Pead,1997-05-07,Male,69
791,Em,Curnnok,2004-09-21,Female,36
792,Carlyle,Laytham,2007-03-18,Male,20
793,Keslie,Hedditeh,1997-05-15,Female,47
794,Krisha,Aronson,2005-10-18,Male,76
795,Jeffie,McNutt,2005-10-12,Male,46
796,Normy,Matusson,2004-03-22,Male,44
797,Willdon,Armall,2001-01-19,Male,28
798,Winn,Matias,1999-05-19,Male,94
799,Rollins,Gettings,1998-01-06,Male,83
800,Pooh,Burress,2000-09-16,Male,77
801,Lorne,Juares,2001-10-27,Male,62
802,Lynnelle,Cometto,1998-01-02,Female,12
803,Grady,Howles,2001-08-16,Male,11
804,Janel,Roelvink,2004-09-29,Female,43
805,Starla,Dever,2002-09-04,Female,95
806,Garrik,Firmage,1997-03-22,Male,78
807,Ad,Gilhouley,2008-04-14,Male,75
808,Gallagher,Hawlgarth,1997-11-17,Male,100
809,Lissie,Chell,2008-10-23,Female,11
810,Lanette,Wellstead,2007-05-08,Female,6
811,Vince,Arminger,2005-07-09,Male,41
812,Jordon,Portch,2008-08-19,Male,88
813,Bale,Acosta,2003-08-03,Male,76
814,Magnum,Collerd,2001-01-27,Male,96
815,Lemar,Greggs,2002-03-20,Male,93
816,Freddie,Roxburch,1998-02-14,Female,31
817,Gustavo,Woodfin,2005-10-14,Male,2
818,Tailor,Popescu,2003-02-21,Male,98
819,Tomlin,Quail,2008-02-15,Male,36
820,Adan,Spread,2008-07-28,Male,81
821,Dewey,Colton,2000-07-12,Male,74
822,Tuck,Duffell,1998-01-28,Male,66
823,Asia,Pude,1997-03-21,Female,76
824,Omero,Jacob,2007-07-24,Male,67
825,Julienne,Myderscough,2004-01-09,Female,60
826,Joli,Deverille,2002-01-29,Female,22
827,Kata,Huzzey,2005-05-30,Female,32
828,Dominique,Masham,2001-08-23,Female,72
829,Elden,O'Heaney,2002-10-23,Male,15
830,Berky,Westpfel,2003-06-14,Male,66
831,Jackie,Madders,2004-12-02,Female,80
832,Alwin,Sinson,1997-11-07,Male,39
833,Waring,Stovine,2005-07-14,Male,11
834,Foster,Herrieven,2007-01-26,Male,47
835,Jephthah,Skocroft,2001-03-19,Male,60
836,Donni,Lovemore,2002-03-23,Female,94
837,Daphna,Gladwin,2001-08-06,Female,65
838,Ashlie,Prestner,2001-03-15,Female,65
839,Gabrila,Whettleton,1998-05-16,Female,71
840,Sherwin,Petruska,1997-05-22,Male,29
841,Wilfrid,Di Filippo,2004-01-30,Male,72
842,Glendon,Kinver,2001-06-12,Male,24
843,Jerrie,Elia,1998-06-01,Male,32
844,Ursala,Fawlks,2007-01-08,Female,91
845,Antoine,Whether,2000-06-22,Male,23
846,Cleve,Knapman,1997-01-17,Male,51
847,Alair,Husher,1997-10-01,Male,66
848,Gaby,Hove,1997-03-22,Female,91
849,Tabbie,Doblin,2006-10-28,Female,72
850,Odelia,Kiff,2002-02-15,Female,97
851,Gerrard,Fairbanks,2008-11-03,Male,56
852,Aryn,Fullstone,2001-08-10,Female,73
853,Dawn,Degli Antoni,2008-08-05,Female,54
854,Finn,Kayzer,2007-12-02,Male,9
855,Benjamin,McNicol,1997-11-19,Male,37
856,Elroy,Bransdon,2000-07-31,Male,80
857,Francesco,Tooke,2004-06-16,Male,50
858,Marci,Dinesen,2002-09-15,Female,37
859,Stephannie,Slemming,2001-05-25,Female,10
860,Desirae,Magauran,1998-05-06,Female,89
861,Horatio,Gulston,1998-10-07,Male,91
862,Leshia,Fassmann,1997-10-06,Female,27
863,Dennie,Barringer,2007-10-26,Female,22
864,Geno,McCaskill,1997-06-25,Male,66
865,Bethena,Hamm,2002-11-29,Female,70
866,Adelle,Queste,2003-06-18,Female,81
867,Towny,Wooldridge,2007-08-09,Male,67
868,Boris,Parlor,2006-09-27,Male,43
869,Harrison,Found,2006-05-08,Male,58
870,Patricia,Olivetti,2001-03-13,Female,78
871,Thorndike,Bartosek,2008-04-12,Male,35
872,Bunni,Christescu,2007-11-06,Female,32
873,Janine,Patrone,2001-03-25,Female,89
874,Seumas,Planks,2008-07-10,Male,100
875,Josiah,Schiementz,2004-02-09,Male,15
876,Quinn,Fitzsimmons,2000-06-29,Male,14
877,Benjamen,Dunster,1997-09-15,Male,78
878,Markus,Jenkinson,2005-06-24,Male,9
879,Derby,Ruggiero,2003-04-02,Male,48
880,Brenden,Garrigan,1997-11-26,Male,36
881,Sapphire,Peerman,2004-02-23,Female,91
882,Linn,Dudek,2007-02-19,Male,61
883,Carmon,Spriddle,2004-06-08,Female,94
884,Kym,Colcomb,2007-12-30,Female,69
885,Aubrey,Sneesbie,2004-04-05,Female,79
886,Karel,Hardin,1997-11-17,Male,13
887,Cristina,Weedon,2008-06-21,Female,71
888,Florie,Hubbert,2007-03-16,Female,27
889,Brett,Sanson,2008-10-10,Female,72
890,Ange,Spurgeon,2002-02-21,Female,80
891,Prisca,Mantrip,1997-01-25,Female,66
892,Celine,Greenhalgh,2006-08-26,Female,40
893,Ernie,McOrkil,1999-02-05,Male,44
894,Russell,Atcherley,2001-09-04,Male,73
895,Danyette,Malarkey,2005-05-17,Female,70
896,Artur,Guiducci,2005-12-08,Male,91
897,Glennis,Timblett,1997-06-06,Female,20
898,Rustie,Swaddle,1999-01-09,Male,56
899,Merrile,Syalvester,1997-11-23,Female,54
900,Cam,Stollenwerck,2001-05-12,Male,46
901,Avril,Hubbucks,2002-10-23,Female,98
902,Rodolphe,Bradtke,2000-02-01,Male,99
903,Ludvig,Kilduff,1997-07-23,Male,35
904,Krisha,Atheis,1997-05-02,Male,86
905,Dur,Batsford,2003-08-26,Male,100
906,Thatcher,Treneer,2002-03-06,Male,32
907,Grace,Malatalant,2003-08-29,Male,82
908,Konstantin,Farris,2000-02-27,Male,92
909,Mindy,Mil,2005-01-17,Female,26
910,Olav,Barkly,1999-02-08,Male,7
911,Gery,Eglin,1997-06-07,Male,15
912,Janeczka,Pendry,2004-04-07,Female,2
913,Binni,Klaussen,2007-07-02,Female,88
914,Hanson,Braybrooke,2008-04-11,Male,20
915,Denice,Dowrey,2004-10-07,Female,89
916,Konstantin,Fadian,2001-06-16,Male,2
917,Zorina,Elcome,2001-01-29,Female,59
918,Levin,McGlashan,2007-08-10,Male,21
919,Barrett,Joyner,1998-08-16,Male,92
920,Kevon,Verlinden,2006-07-28,Male,78
921,Henriette,Posner,1999-06-24,Female,34
922,Felicia,Crossthwaite,2003-05-29,Female,82
923,Wini,Pinchin,2002-02-06,Female,66
924,Nicolas,Jordan,2008-03-10,Male,57
925,Mame,Moir,2007-05-16,Female,14
926,Fredia,Bannester,2008-11-18,Female,98
927,Thornie,Deamer,1998-09-28,Male,83
928,Odelinda,Chivers,2001-02-16,Female,60
929,Amby,Darwin,2003-04-01,Male,6
930,Emelda,D'Antonio,2007-06-26,Female,89
931,Tandy,Bayston,2003-09-21,Female,14
932,Jaymee,Mouan,2007-07-14,Female,3
933,Papagena,Coster,2006-09-22,Female,7
934,Gates,Treend,2007-12-16,Female,12
935,Horst,Blaydon,2008-05-26,Male,64
936,Shelagh,Gorhardt,2006-03-25,Female,48
937,Christean,Beardsell,2001-10-15,Female,43
938,Amalie,Boath,2005-01-23,Female,26
939,Khalil,Littler,1998-02-21,Male,44
940,Flore,Cool,1997-10-14,Female,76
941,Cathlene,Plaschke,2008-08-28,Female,72
942,Nataniel,Fillan,2001-10-29,Male,42
943,Georgette,Cella,2007-08-29,Female,8
944,Brook,Wellbelove,2008-10-15,Female,44
945,Torrence,Degli Antoni,2006-03-22,Male,63
946,Adriaens,Pesselt,1999-01-11,Female,79
947,Fonz,Henrionot,2006-01-18,Male,65
948,Susanna,Hefford,2001-06-14,Female,61
949,Jillie,Tompkiss,2006-12-25,Female,75
950,Dietrich,Worg,1999-05-18,Male,87
951,Mandel,Barnwell,2002-07-17,Male,3
952,Ozzy,Grassett,2006-05-19,Male,43
953,Jasmin,Dawidsohn,1998-10-15,Female,67
954,Drucy,Meatcher,2001-11-17,Female,36
955,Jillie,Brummell,2006-09-07,Female,47
956,Zerk,Di Franceshci,2000-10-06,Male,6
957,Celesta,Hamly,2000-01-03,Female,76
958,Marysa,Dymick,2005-12-29,Female,68
959,Parrnell,Frude,2002-08-01,Male,18
960,Nicky,Sneaker,2007-07-23,Male,86
961,Lita,Stickins,1999-01-21,Female,100
962,Axe,Mucklo,2001-01-07,Male,52
963,Emelia,Zecchetti,2008-12-09,Female,15
964,Nicholas,Plumtree,2007-08-03,Male,48
965,Cole,Maynard,2003-12-04,Male,13
966,Bay,Wharfe,2001-11-16,Male,23
967,Luca,Hawkslee,2006-06-03,Male,10
968,Bailey,Ruppelin,2003-05-24,Male,45
969,Ilka,Bradshaw,2000-02-10,Female,75
970,Quinlan,Look,2006-11-06,Male,95
971,Andee,Campbell-Dunlop,2001-12-31,Female,98
972,Niall,Blinman,2001-03-29,Male,55
973,Hamlin,Wethers,1998-02-15,Male,78
974,Dionisio,Skylett,2000-07-18,Male,13
975,Vinnie,Dukesbury,2007-11-23,Male,34
976,Aguste,Bentham,2006-03-26,Male,56
977,Gui,Petheridge,2000-04-02,Female,31
978,Annetta,Crathern,1997-07-30,Female,92
979,Rooney,Orrock,2005-07-02,Male,26
980,Delano,Cridge,1998-05-28,Male,72
981,Denise,Janton,2006-09-11,Female,3
982,Abby,Vowells,1998-02-05,Male,23
983,Clarita,Carrel,2002-09-06,Female,72
984,Elden,Steely,2005-05-20,Male,48
985,Phylis,Bussen,1997-10-15,Female,29
986,Barri,Meates,2008-09-07,Male,1
987,Consuela,Renvoys,2000-05-24,Female,47
988,Brittan,Weald,1998-08-31,Female,64
989,Danya,Allabarton,1999-03-13,Female,7
990,Kissiah,Sainte Paul,2005-04-06,Female,97
991,Kellyann,Matchett,2003-03-23,Female,36
992,Ola,Glennard,2000-05-21,Female,93
993,Ekaterina,Lars,1999-04-22,Female,4
994,Free,Gentile,2007-01-26,Male,77
995,Mateo,MacCallum,2008-10-24,Male,58
996,Tadeas,Czyz,2002-08-09,Male,68
997,Douglas,Kobpal,1998-03-03,Male,92
998,Barbey,Ambrosetti,2000-09-28,Female,11
999,Rosamond,Bisp,2004-04-19,Female,36
1000,Anabal,Sabbin,1999-12-25,Female,16
